category,patch_file,dissimilarity_d1,dissimilarity_d3,dissimilarity_d5,correlation_d1,correlation_d3,correlation_d5,contrast_d1,contrast_d3,contrast_d5,energy_d1,energy_d3,energy_d5,homogeneity_d1,homogeneity_d3,homogeneity_d5,ASM_d1,ASM_d3,ASM_d5
carbon,carbon_patch_0000_0000.png,3.0359414234453515,5.053463994394038,7.059321047530512,0.7526493979436277,0.41675885477687435,0.07912310692505445,22.608412302762154,53.35358238063727,84.22541097862354,0.1986713384624347,0.16570572201188247,0.13836034884605017,0.4030647302786306,0.3140150282174097,0.22562446907386408,0.039681908052050956,0.02760072352712512,0.019969847459446417
carbon,carbon_patch_0000_0128.png,3.434456907976321,5.702262794469618,7.66310679839448,0.7368301411181403,0.3887991866187013,0.08914503090003845,28.53026187302379,66.30262493701153,98.8815991973289,0.18621984180185472,0.1564318289217123,0.12775256034870364,0.37677799024066494,0.2905926562715626,0.21017311633815178,0.03487299546105747,0.024630787665674395,0.017243009259622966
carbon,carbon_patch_0000_0256.png,3.786709885919777,6.2935272226946175,8.12450885605693,0.7202280627870753,0.3532434609294016,0.09264765589256409,34.68484198687152,80.37465460837083,112.48860560592776,0.1808814444294672,0.15287468096857476,0.1234906295869048,0.3606399788738249,0.2767213516248684,0.2030153619709908,0.032908681347866536,0.023529747970525667,0.016222973229185703
carbon,carbon_patch_0128_0000.png,3.280470154690315,5.637155714600644,8.050960463672649,0.7767825335769463,0.4410987623754701,0.08284479644564696,26.587124947687435,66.54136421327772,109.18663426874734,0.1857229928643436,0.15528919151652668,0.12958959080980545,0.3888602237547739,0.3009731353795808,0.21166867786288357,0.03468487068958351,0.02423708793102865,0.01742571962947831
carbon,carbon_patch_0128_0128.png,3.838156063030882,6.377436004031218,8.683088346293008,0.7504382996996535,0.4076392136433046,0.09329581773215753,34.618570514484844,81.9673127676993,125.67239415124283,0.16944954298748585,0.14411272869676373,0.1165358140495722,0.3499181921791284,0.27202764232009935,0.19361069356432667,0.028880514734921675,0.02087675701807712,0.014277507842024353
carbon,carbon_patch_0128_0256.png,4.266563841721437,7.155482473544952,9.362959851775086,0.7354589144869812,0.3664625774316935,0.09222148071615523,42.73222594492071,102.31413255857854,146.6857890431344,0.16744002252619147,0.14165684624882813,0.11406881711282574,0.3365732019778017,0.25977763043980456,0.18868349295113696,0.028203979156826573,0.02018026033988731,0.013839838915127512
carbon,carbon_patch_0256_0000.png,3.374348877604006,5.67959498614259,8.062158030041505,0.7705451191582285,0.44136380788859614,0.08780230524279342,27.61061827201783,67.26795459341119,109.76856224699229,0.17788792467225215,0.14912204033107135,0.12591975306612452,0.37792359413369564,0.29481626132076966,0.2118882679914708,0.031828158402496504,0.022346104244670224,0.016436754721220644
carbon,carbon_patch_0256_0128.png,3.9086577118466836,6.375911588246399,8.6292962537171,0.7409727851022625,0.4079797336859805,0.1012935909818245,35.84635630599389,82.00746646667899,124.60895257721363,0.1717764755621895,0.1466165721952633,0.11931478030260295,0.3491882700260729,0.27443229198137675,0.19737929583686192,0.029682899195880005,0.02163662658628436,0.015029017979140552
carbon,carbon_patch_0256_0256.png,4.22984608469217,6.881998507967987,8.911967934004382,0.7184357513101135,0.3607012569516943,0.09795066674913337,41.27794776683306,93.85314340435215,132.32530901883274,0.16363410255941815,0.13942520978245132,0.11331096622801029,0.33230828739627627,0.2610900666456465,0.1886504590603015,0.026935286185347292,0.019545556935714577,0.013619728875982689
gres,Gres_patch_0000_0000.png,4.691654492683986,5.105407234189948,5.1201406425809735,0.14824331149627032,0.00014576318538832257,-0.00016661296564687584,37.49154061589382,43.980160344230036,44.059601087482974,0.07066133526119978,0.06921540505130096,0.06925919442005846,0.2039587529522655,0.18854163304515753,0.18703990818622154,0.004993992906336752,0.0047907759453189955,0.004796839824407871
gres,Gres_patch_0000_0128.png,4.618208685636127,5.047867012314156,5.0295551370047615,0.14741814247682375,-0.006393805627711545,0.0025575576414797884,36.416222695726766,42.99461480772836,42.688679429535426,0.07157339782517437,0.07019059083323252,0.07030890508478624,0.20654788889518488,0.1890884504621148,0.1890125870271635,0.005123447604898364,0.004926724165323135,0.004943353220521871
gres,Gres_patch_0000_0256.png,4.773981696400889,5.249354237528314,5.232056292987478,0.16523994286339397,0.001246585936349867,0.002205006769007739,38.52088120582498,46.06235808767923,45.964405943852945,0.06917929692452016,0.06764078524237344,0.06787940252044511,0.20007918403167002,0.18290904695348917,0.1843354151498453,0.004786578673991833,0.004575296497432076,0.00460761505481128
gres,Gres_patch_0000_0384.png,4.5639744404488845,4.957068385456015,4.984187524586931,0.15013826492216215,0.0030552051475045256,-0.0018740579582672266,35.14440240599241,41.265303732835534,41.5054575074237,0.07268051606197537,0.07124250696848113,0.0712630475555229,0.20708758504500135,0.1935490157739528,0.19125208610563893,0.005283221755134112,0.005075503175613875,0.005078428200362778
gres,Gres_patch_0128_0000.png,4.852052930668369,5.307752389613226,5.366895497047438,0.16872390325758155,0.008850678863806713,-0.009140878219840188,39.884780035185216,47.56135124952733,48.49324576285076,0.06900337231612938,0.06747289761581814,0.06728247910305202,0.19835053092995614,0.18291338421239525,0.18114666839598814,0.004762471167764732,0.004552601979679209,0.004526936681869636
gres,Gres_patch_0128_0128.png,4.891809904713561,5.336578754881549,5.350640803717962,0.15870807613498183,0.000920086945425683,-0.0004908666429042285,40.544974429792745,48.149513491275826,48.18351451990961,0.06795093628159304,0.06655058552389478,0.066545652515456,0.19591081589873732,0.18192589954235563,0.181441218037976,0.004618146559197162,0.004428990868124227,0.004428336134137953
gres,Gres_patch_0128_0256.png,4.990903903682807,5.466984394683768,5.459946173769903,0.15835395632517987,-0.0017299134959159472,0.0007564661679348075,42.22312996969754,50.29921303382431,50.11793090792427,0.06751606331416177,0.06605801764066915,0.06607294143104775,0.19475037720049557,0.178616508510172,0.17908374112808706,0.004559375835766534,0.004363677309081488,0.004365634871399463
gres,Gres_patch_0128_0384.png,4.68857265058281,5.14068724411058,5.175913619604619,0.1754670400086712,0.012380903172110437,-0.0008161207940745632,37.05597182288123,44.37410861914186,45.1032861138519,0.07020161029677932,0.06868639503150424,0.06851595510596277,0.20104984495121683,0.18481871338466954,0.1858120780568517,0.004929209937096198,0.004717834153840795,0.0046944481894793085
gres,Gres_patch_0256_0000.png,4.870358225091457,5.360810311161472,5.410454383163915,0.17153145365359798,0.005652399665314844,-0.012573257382880973,40.1487702662907,48.25751423532348,49.21895084290904,0.0677437003338475,0.06619683030052578,0.06604575344542918,0.1964814022301347,0.18023397952811318,0.17788604913574096,0.004590212574183845,0.004382036593490386,0.004362076126929862
gres,Gres_patch_0256_0128.png,4.949121511524278,5.458842080813769,5.501043953516403,0.17403588303380652,0.003613656902355983,-0.006565345373929788,41.672488341070604,50.35788905423245,50.925036371485966,0.06701865472284521,0.06547693292329762,0.06525675515058948,0.1951521407242999,0.18055634114297223,0.17623754983601705,0.004492553708779978,0.004287246163316321,0.0042584626956297875
gres,Gres_patch_0256_0256.png,4.999696901737558,5.518591029698885,5.474428376791401,0.16726484294415678,-0.009807525834476843,0.004664681462214771,42.48092684857268,51.390814078640375,50.63166691055328,0.06716468955558319,0.06560530252455549,0.06566832536939154,0.19430849012228504,0.17754088393420236,0.1784764145155887,0.004512009500183321,0.004304060165259721,0.004312332097464667
gres,Gres_patch_0256_0384.png,4.742306051018355,5.219537005542935,5.249442398617201,0.1690991944801138,0.0019554035365400386,-0.010436897883211003,37.97258807408254,45.677286084340956,46.27558439585925,0.06964534067037405,0.06802752648841714,0.06792932454839143,0.20055503746211947,0.18405813077924388,0.18456802544485773,0.004851256444662602,0.004627763860078942,0.004614400073722215
gres,Gres_patch_0384_0000.png,4.860288411983076,5.382671650604658,5.32616561260077,0.1712782246042543,-0.006782909140754757,0.006082492461197576,40.024210927328234,48.58285370212872,47.95150678943219,0.06863271212971415,0.06696298949378679,0.06711120586178715,0.19745763121858514,0.18016747840001437,0.1824407171905486,0.004711439606221307,0.004484055170057523,0.004503916020616897
gres,Gres_patch_0384_0128.png,4.858559068680638,5.345127932886086,5.368697597433004,0.17330506518328068,0.0021726064256850195,-0.0035831157615338646,40.023350554513755,48.259074015022364,48.57942042437055,0.06824345056113447,0.06675743137405551,0.0667010714787754,0.19632088932653785,0.18094408494844796,0.17992567677411006,0.0046578579842597514,0.004456582661354206,0.004449040570571558
gres,Gres_patch_0384_0256.png,4.893355669523838,5.400464096749777,5.398202470009214,0.17663464989881697,0.0014697654996604812,-0.00437026553711985,40.50194210544681,49.015416091899404,49.18654477757548,0.0681191299173686,0.06664073838798751,0.06659777485570517,0.1962140658790927,0.17976267536944068,0.18038815305400197,0.00464130973910867,0.0044409993958287475,0.004435273154612958
gres,Gres_patch_0384_0384.png,4.648156440844135,5.140768065791104,5.126190335032733,0.17028805143354056,-0.0014993412141000632,-0.0001780228578301998,37.040229967178774,44.75398071381306,44.694265555733615,0.07145217486235518,0.06986761457062965,0.06990150924987071,0.20679783858587214,0.18762710768982788,0.18819997608706573,0.005106386638505587,0.00488149304665647,0.004886247279482145
laminat,laminat_patch_0000_0000.png,4.852019872008498,5.937400455089424,5.639457996122127,0.294403085721644,0.017790959309467225,0.1417534826594857,42.132793003867334,58.66353165942283,51.39130403244312,0.05883451434603358,0.05438581960497535,0.05251210099100205,0.2225660013348311,0.1661840922404048,0.16572563370868731,0.003627737210134079,0.0029757128388280254,0.002763140657804094
laminat,laminat_patch_0000_0128.png,3.9766282540377618,4.922742087112607,4.711411723898715,0.36477944721497596,0.0739349036737654,0.19777651408686361,29.846737025505323,43.45521593127972,37.51342033805193,0.06847273492657321,0.06308770001698008,0.06150611217396912,0.25702634790124224,0.20367296790238004,0.19835784818008959,0.004853645571162037,0.003998498891175911,0.0037880781862341378
laminat,laminat_patch_0000_0256.png,3.7234078804095097,4.8461499984252825,4.811377229480212,0.4385574895721178,0.1141164869306919,0.18588381255620914,26.340894240382255,41.627856953892504,38.03161047625692,0.07097225457635016,0.06386430322592049,0.062027350716993265,0.26946091392528776,0.2047403824493781,0.19393606944739816,0.005180169817981378,0.0040984833543761595,0.0038553517466561635
laminat,laminat_patch_0000_0384.png,4.711728001581005,6.235924280360278,5.834710879403435,0.3688661635324208,-0.018958951412972255,0.138515704980158,40.92485124814004,66.34462458270323,56.435265050511575,0.05865909579455223,0.05407481262502048,0.05192600165228157,0.22749037897486885,0.16542166431391633,0.16392000290019526,0.003610120178287664,0.0029505869157232362,0.002706262359849429
laminat,laminat_patch_0000_0512.png,4.075580088660174,5.269049178004521,4.9627926407589,0.3650000120739642,0.0044261887321434545,0.16592170454092425,32.02483734654972,50.292076010959775,42.3355868552141,0.07017787346984321,0.06465944086724558,0.06236756124887989,0.25756417211807564,0.19576895647086237,0.19485854145643278,0.005107484579443863,0.004212021082351636,0.003906158729316451
laminat,laminat_patch_0128_0000.png,4.568626508346768,5.516519809775739,5.460718910872604,0.3242250684639853,0.07700138077942062,0.12285363358800752,37.981212146018095,51.79216878464325,49.108849371552566,0.06146760921965362,0.0566871905808933,0.05532864065593894,0.2271881352752221,0.1771846751333595,0.17099804757690656,0.0038920902597225047,0.0032215467229890667,0.003063463247275355
laminat,laminat_patch_0128_0128.png,4.244109140562035,5.001713813303073,4.934818701724993,0.37295517976029197,0.16501914062291712,0.2207124683645323,33.70911854714342,44.779797721403135,41.7031893754812,0.0647207155475339,0.060191511926716984,0.058867065643862855,0.24929237988008413,0.2052582086457826,0.1978879899817598,0.00432014428783357,0.0036458905045253266,0.003478382938249624
laminat,laminat_patch_0128_0256.png,4.003910246101741,5.089105788611721,5.0005749675610955,0.386127972430299,0.06090759086262324,0.1588983685516761,30.45458599901582,46.600011983496884,41.75184876269531,0.06921910678113402,0.06342181024491358,0.06096532690862934,0.2581198290379751,0.20064408272608242,0.18772686220804713,0.004952659592904651,0.004045292131442732,0.0037272056134236555
laminat,laminat_patch_0128_0384.png,4.137579607190466,5.422722942649267,5.221550895228968,0.43391188512290196,0.06919201098877398,0.16901778526146263,30.724855437992183,50.53125110622939,45.194900503529965,0.06597167133903699,0.06089217387886878,0.0589782576116204,0.24092638086229307,0.1833053091609324,0.1791077268931891,0.004478521020612877,0.003721249527075408,0.003484612961181858
laminat,laminat_patch_0128_0512.png,4.157577916718335,5.3427707270408025,4.952421975462758,0.3544331387542923,0.0010246115872605543,0.18087506911059792,32.93001033658322,51.047306732646575,41.6906193522743,0.06950486502681867,0.0642444911898644,0.06238951092380718,0.2568589594256858,0.1933389196582215,0.19373462011072706,0.005026788946535384,0.004161404203451882,0.00390907655617008
laminat,laminat_patch_0256_0000.png,4.358226181296113,5.503911037100011,5.429451462076888,0.36614410107472944,0.06645113806262692,0.11768461379079362,35.04306162909205,51.70696794690079,48.69110953785542,0.06347657474616622,0.05814346285954499,0.05666021519434001,0.24058812016925465,0.1795572069536246,0.17427922309430252,0.004185294355616413,0.003398855589028093,0.0032173445477096186
laminat,laminat_patch_0256_0128.png,4.031260171895345,5.1790939940791,4.943693248452865,0.3795659526917136,0.030812589110456798,0.15991844886385306,30.994123550747148,47.99420630983856,41.430562335690524,0.06766383604823194,0.0624768831130663,0.060736408354195415,0.2576681727801327,0.1983243428592228,0.19583126555200242,0.0047412292147842655,0.00392541193425463,0.0036980953485872972
laminat,laminat_patch_0256_0256.png,4.250900818207885,5.207727603772966,5.122006672313727,0.3440706211865932,0.08143048824237219,0.1889466577373504,34.794019482570306,48.937290363598855,43.30323231009366,0.06765249969176512,0.061294390169675965,0.05884563021970603,0.25222747503660514,0.19605870373271284,0.18210219033363667,0.004780482548482865,0.0037893424374404,0.0034778181233229557
laminat,laminat_patch_0256_0384.png,4.457209258168515,5.886486733119157,5.49081644765784,0.3823812886410703,-0.015760032478631836,0.15635581449994929,35.644492984298495,58.47454613882564,48.71386552689023,0.06107121172792011,0.05646629517615434,0.05483565162130372,0.22911827181147587,0.16888667469722085,0.16815277178165894,0.0038675108954756665,0.003206752603711503,0.003015017839241627
laminat,laminat_patch_0256_0512.png,4.06091378979633,5.150536060720573,5.015387392346216,0.367946835544513,0.04589760783555773,0.12985228308897306,31.068464242397262,46.8505580278406,42.87247299798864,0.07025559534049935,0.06478872637675585,0.0630591477322438,0.25464292178507336,0.19548436747304446,0.19199929843102112,0.005075267137142036,0.004214015982584349,0.003983155945624875
laminat,laminat_patch_0384_0000.png,3.902174823880901,4.745879712301574,4.682656752974747,0.3435008122963245,0.08731225877412452,0.16009702377053753,29.205495414897136,40.58838806610589,37.414671274602775,0.07135489673569256,0.06570806863153686,0.06388173013216374,0.2630541157877788,0.2092617089023754,0.20133212717807186,0.005273153736803855,0.004340968972681841,0.0040904556601138505
laminat,laminat_patch_0384_0128.png,4.252620352896959,5.354465494299554,5.00764065579977,0.3452414134867333,0.014274223548890616,0.19175368898075715,35.34097077178535,53.30104641046212,43.74293624500861,0.06893971210654472,0.06405206867915733,0.06166646469960285,0.2568947758795264,0.2000900429102701,0.19923396077616226,0.004976435647856033,0.004145520851009766,0.0038267376176837832
laminat,laminat_patch_0384_0256.png,4.064616722983445,5.185828046264783,5.117227916434011,0.40089052672582476,0.0743439833925619,0.16907187297571025,32.36230087303928,50.0388621543522,44.85261326119047,0.06873407556647107,0.06232039171240383,0.06005041643543958,0.26459852211977836,0.203606501250004,0.192347149634558,0.004980965176648446,0.003937380526632786,0.003634930557519662
laminat,laminat_patch_0384_0384.png,5.254885779302809,6.671821306531854,6.130725171289003,0.34049840844612506,-0.012580599872999892,0.17875509277897728,48.655203384625544,74.8303307390083,60.90466197783154,0.053798259641523655,0.04983402758089037,0.048347001496287095,0.20354881548509612,0.15203690433159434,0.15365926349997205,0.003014497679195644,0.0024969648231355323,0.0023423622018518904
laminat,laminat_patch_0384_0512.png,4.01127203426282,5.106128035241861,5.045223511141847,0.38103711809503404,0.0461586190593698,0.1146536543703357,29.890832676196634,45.93144020455388,42.7204445160021,0.06926907527696799,0.06410673798183165,0.06206299151036797,0.25291981603499825,0.19752415104712545,0.1896621049160178,0.00494500230797015,0.004126259978162869,0.0038593132583898153
laminat,laminat_patch_0512_0000.png,3.5519914633579304,4.407870397927679,4.423233147503657,0.3646149490684508,0.07635978389597048,0.10679153309314651,23.854607287339626,34.503996988378546,33.1267185576667,0.07809819012020364,0.07217808985689833,0.07061728967681953,0.2753689519914424,0.21652164323460094,0.20996005370780946,0.006225641087823707,0.005221276080044695,0.0049909529939544724
laminat,laminat_patch_0512_0128.png,3.5686015629843792,4.497539698286701,4.413179567803903,0.3992651812556117,0.0994998912632114,0.1690046938140455,24.638994953771196,36.94846845080599,34.05351183781821,0.07789713857070972,0.07157668724553452,0.06979370189130946,0.28018967757632357,0.21915159219356156,0.21592358831030622,0.0062523657423502405,0.00515571745416171,0.0048865425901974124
laminat,laminat_patch_0512_0256.png,4.050663546639592,5.338536489827394,5.245641915417749,0.40958510667109665,0.04543262237009678,0.13536678495883556,31.39952298654603,50.911424457514364,46.097596781992635,0.06790032703118316,0.06158290452014677,0.058907478342975786,0.2635755635980363,0.19492933496295006,0.18632991898844825,0.004866707589841706,0.0038493492143689477,0.003500317451560158
laminat,laminat_patch_0512_0384.png,5.056642320315891,6.516953876921118,5.741217059449627,0.3559114517040274,-0.007845702822054351,0.2431732804612327,46.012086996830305,72.05966768235044,54.443804451478606,0.05551856627771234,0.051542404273334716,0.04941943248489174,0.21871413495788236,0.16215942171092457,0.16822393852809225,0.003282013475020977,0.00269592445791455,0.0024624650451345923
laminat,laminat_patch_0512_0512.png,3.688838694083638,4.617676677847049,4.578439425315977,0.3915396655512665,0.10315571525825988,0.1451726241722481,24.912598594728482,36.5097668768895,34.74588391831743,0.07437115276829304,0.06900170583156971,0.06752839790935934,0.2635980153142505,0.20546927484369182,0.19956840668926762,0.00565121789253281,0.00477206976649939,0.004562672441775586
tynk,tynk_patch_0000_0000.png,3.8676267079096682,6.276864760487519,7.360383279321378,0.7209099233320295,0.29805815494996357,0.06115884652004529,26.948940112723996,67.74909625771595,90.91155217018076,0.06327248277290248,0.052673674590268234,0.05002768022391127,0.24995461600199825,0.1644415266416496,0.13878036033921703,0.00403200178082703,0.0027776709271160093,0.00250403944574362
tynk,tynk_patch_0000_0128.png,3.746809657681818,6.167568849993695,7.217853485502683,0.727670310757631,0.3056754207587527,0.07032377853161488,25.351184686744404,64.57953134841887,85.99176051673287,0.06267570024012944,0.051516116135915585,0.04936082955719162,0.25797720599438656,0.16480008312607125,0.13926070657693676,0.0039544354594744395,0.0026563311219843983,0.0024371130458046243
tynk,tynk_patch_0000_0256.png,3.887964080615661,6.320055051650277,7.367500785195798,0.7106926384124442,0.2760101649489879,0.04038480452856452,27.127505192510412,67.86752921863174,90.09412310019623,0.061607993795490826,0.05113414721664976,0.04897146151290255,0.24822332733650726,0.16106431216848177,0.13902572583996253,0.0038192492645396183,0.002617408672093219,0.0023986560640180143
tynk,tynk_patch_0000_0384.png,4.004987498256247,6.4655405722474075,7.554357922652132,0.7073328223265835,0.27886004249347957,0.03982085680681935,28.681131545856857,70.84553728898953,94.6472902086347,0.06074615632136944,0.050806609393212306,0.04843596259984691,0.24237452785416705,0.15819798530289905,0.13523648285635584,0.003714642001994929,0.002583940491827352,0.002346999284817212
tynk,tynk_patch_0000_0512.png,4.101632976703454,6.627754456412187,7.805936790812191,0.7199334574821439,0.3059030230219313,0.05508026326269459,29.974459823919652,74.37427435279656,101.10652646757585,0.05847579423486118,0.048777531763019286,0.04670523508137332,0.23644058663584305,0.15571556791515742,0.1315387711952341,0.003439644310390115,0.0023812201008922653,0.002181774631454458
tynk,tynk_patch_0000_0640.png,4.338007843984441,7.049336549666155,8.376533973862745,0.7439073522996411,0.3670550355362534,0.13316466858404102,33.8880007720953,83.77949879141454,114.80027417742123,0.0535246879229765,0.043983197823453495,0.04150835538226695,0.23045887517460456,0.1472692722555663,0.1242029506197857,0.002883604735471252,0.001937447509574757,0.001723759809304087
tynk,tynk_patch_0000_0768.png,4.5639217645622825,7.398010448160735,8.610183824384738,0.7074691176116951,0.28112812373999085,0.04724313406975997,36.57144509210899,89.52628972190718,118.07168593172335,0.050639132051227574,0.04201766632162546,0.04038740338807445,0.21665570048944244,0.1365941781109405,0.11581314970553214,0.0025807511062782276,0.0017672304975593657,0.0016313634276433919
tynk,tynk_patch_0000_0896.png,4.947912993482238,8.127214553413951,9.428823090625846,0.7093565293192676,0.26510302759856447,0.03221375456204763,42.69719684361246,107.78639592781514,141.9819409260444,0.04728732392279966,0.03903331268382079,0.037499058209952404,0.20172380117255212,0.12576923906944792,0.10784791251305395,0.0022485588612210835,0.0015250749431900549,0.0014065803354959803
tynk,tynk_patch_0128_0000.png,3.844332219914441,6.306208356953888,7.2329233791654906,0.7079052245621053,0.256184940276855,0.032626302455434866,26.48887630587764,67.60681772014352,87.75176533564077,0.06358783106751044,0.053050280485502616,0.05107946367146513,0.2509471521664679,0.1616889520301562,0.14085331161274478,0.004070575745427878,0.002817071123039795,0.002609821706551523
tynk,tynk_patch_0128_0128.png,3.641136864304979,5.8725307264109325,6.796577032070882,0.6963579813604798,0.251728430172306,0.01585726438092881,24.034968191030146,59.37555020549877,78.26326053946913,0.0682333047965322,0.057003210223117,0.05473114313846771,0.2620205866186473,0.1718143498290655,0.15150479895776703,0.004684775527901031,0.003251768897902301,0.002995914955998959
tynk,tynk_patch_0128_0256.png,3.6663290162517828,5.889360500913321,6.8634161311736985,0.7131934909767219,0.2931292446830043,0.062492769664151834,24.230553879076524,59.67640747433224,79.4441679019621,0.06691902588834912,0.05590436209961147,0.0534646275605282,0.26079122423822165,0.17386789039391587,0.15065026315961066,0.00450691348713403,0.0031285372262740228,0.002859155765166304
tynk,tynk_patch_0128_0384.png,4.011782929815864,6.2527328475371515,7.167972566924057,0.6796722814480205,0.26032117423043843,0.05175993969596637,28.801738619102277,66.43995343994071,84.76536695280042,0.061798746419876996,0.05235521504852556,0.05031210025847573,0.24205222949109942,0.16496877074680036,0.14240706447006543,0.003842460297503806,0.002743972836453684,0.0025320740058621797
tynk,tynk_patch_0128_0512.png,4.030963128332505,6.489360772549756,7.679528296262564,0.7232167761888745,0.319372190343357,0.06942077999722683,29.023736481066734,71.38064648683536,97.24850834277149,0.05832582325706432,0.048386759798875134,0.04618315013633886,0.24108084641232097,0.1582223039279326,0.13179423783275468,0.0034237160216114685,0.002343956346873172,0.0021336430735398263
tynk,tynk_patch_0128_0640.png,4.214851378921504,6.822729855599631,8.118535088999424,0.7388332384493936,0.3575074002806775,0.10670043626254332,31.68465223258574,77.96423833538029,108.19421864557155,0.05578507638240826,0.04613580353735935,0.043766777856350525,0.23222021050437405,0.1504996164159999,0.12704332616522723,0.0031320033048497548,0.0021306477574269825,0.001916272030317663
tynk,tynk_patch_0128_0768.png,4.597799988568729,7.449584486803972,8.728219590318126,0.7027762761662708,0.2753524921607292,0.03972610802027772,37.27276918225715,91.111758554579,121.32009642244165,0.05142602322876809,0.04257926074209829,0.04065977141898674,0.21565253238561422,0.1365805728827478,0.11452820309643119,0.0026619918510793804,0.0018152008217094204,0.0016536227571094385
tynk,tynk_patch_0128_0896.png,4.723859561000373,7.581355351631384,8.86580370805414,0.7148264570487648,0.30767436486361044,0.07915674852712118,39.51413275873429,95.57941689106181,126.60134354735602,0.04977274092509752,0.0413412790076097,0.039540016579413695,0.21231499716589494,0.13566671887947018,0.11397960200478965,0.002490972507793554,0.0017106417052150935,0.0015637811009933424
tynk,tynk_patch_0256_0000.png,3.6432385716333933,5.960162218127989,6.987059388165903,0.7148318669087047,0.2757261798561199,0.020309624788834385,24.0105885797709,61.009887770849,82.71381187514807,0.06782733763860449,0.05659432020991921,0.05405098096989371,0.26126895028029423,0.17218767847436256,0.14847809360995723,0.004630062844447122,0.003205858666841463,0.002922179609031078
tynk,tynk_patch_0256_0128.png,3.5625102929893355,5.872602954144617,6.83070560418305,0.7181245769276028,0.2741744344139645,0.03086383066968146,22.87345278206182,58.93906520061716,78.39133260154134,0.06769462970252482,0.055993135496454544,0.05362719591395735,0.26702827373346794,0.1719835717437662,0.14958410916407433,0.004614384077172673,0.003138346367368235,0.0028763569930027656
tynk,tynk_patch_0256_0256.png,3.590404657371817,5.687730009133277,6.499494546722588,0.6931352136645133,0.26253112629447184,0.03279665045020007,23.242883790455096,55.756536202443854,72.373419760391,0.06993379674358405,0.05900676134271412,0.05701691665664228,0.26464461917209203,0.17775310087651702,0.1583271065085223,0.004917603144471465,0.0034850668258700145,0.003251447469281317
tynk,tynk_patch_0256_0384.png,3.7675830898536815,5.9543179248551175,6.888462605115773,0.6980470579414574,0.2869527769219552,0.05906985478558764,25.710675694788936,60.820831050012515,80.38749016522424,0.06554830561992524,0.05523631573469998,0.05320703027655113,0.25718915108165186,0.17004595227974517,0.1508584657023736,0.0043274195807786655,0.0030551220232986386,0.0028325361733657003
tynk,tynk_patch_0256_0512.png,4.240395793291585,6.721577735260766,7.847925103555946,0.7004908879599464,0.2897267913158058,0.05063022225422362,32.040053291044124,75.9701721545099,101.07733721000623,0.05704450832661702,0.047798371098318734,0.045819217950277595,0.23104227003723,0.1519129837275229,0.13199276729008222,0.003269727025566325,0.00228686408103692,0.0020996805075265378
tynk,tynk_patch_0256_0640.png,4.122922874752003,6.661529427280164,7.860120555976787,0.7198565196690008,0.30978469550966015,0.0628675648261363,30.328315480849724,74.77295111725228,101.96048034485693,0.057644209874401386,0.047885973033006735,0.04564404163474681,0.23761323768151257,0.1524514862986697,0.12866372093024564,0.003341738542194072,0.002295384869636752,0.002084034192021038
tynk,tynk_patch_0256_0768.png,4.452327838249428,7.172287643298045,8.402128614280091,0.7175693873426797,0.30608534762761047,0.06914970582170085,34.700563014407294,85.09433710474914,113.86723759919374,0.05227518202776491,0.043429185968407766,0.04151242348583689,0.21796573651789752,0.1424563177390097,0.12007247157486597,0.0027476024103387803,0.0018878978144986572,0.0017236412685016488
tynk,tynk_patch_0256_0896.png,4.670451419027839,7.588855694129485,9.006230525425512,0.7288800254005215,0.3290067085362147,0.0899915215564476,38.261240186542906,94.63434774187431,127.99895854152902,0.04887106171316468,0.04030709835559052,0.03840226963336036,0.21208823650039738,0.13499821685286137,0.1096573335990239,0.0024034971382300126,0.001626555553592618,0.0014749404351880892
tynk,tynk_patch_0384_0000.png,3.6217586771111074,5.9919737063806915,7.1603654537902885,0.7372954041666098,0.31866874108793797,0.04994778575852198,23.823419892933558,61.806872956821515,86.00756377204361,0.06694189433975309,0.055233081279383346,0.05234717982516537,0.2661438119072428,0.17398775874367828,0.14589405172430273,0.0045052524597068815,0.003053745943846443,0.0027411134408541074
tynk,tynk_patch_0384_0128.png,3.530015204561661,5.46793096891534,6.229857298593306,0.68402702479898,0.2598734370163532,0.03892138812146817,22.594102746799248,52.719977233717486,68.14857552063505,0.07186840844826539,0.06142391495256207,0.059645551987566936,0.26761715696388055,0.1859696915963449,0.16531226077562092,0.0051958297661446546,0.003775871109550844,0.003558167178062479
tynk,tynk_patch_0384_0256.png,3.5098005000697503,5.628839884101784,6.440663866531516,0.7031600818283329,0.2743092262214887,0.057074543846206076,22.59657936112749,55.29513190507678,71.8603981504541,0.07164224170671231,0.0601279249786941,0.05806630633834924,0.27209895011605056,0.18120991824634675,0.1617824831690117,0.0051614677709740375,0.003618476593014595,0.003372281270727331
tynk,tynk_patch_0384_0384.png,3.7144355421523345,5.772222938712518,6.607552443545212,0.6736930358974779,0.2555882625770012,0.044902997946361045,24.814447070300407,56.804209026203054,73.30400208949331,0.06729063620684743,0.057165493532217684,0.05484651387089259,0.2573992093993487,0.17503845732589635,0.15351766620875928,0.0045529605246556176,0.0032703962326428686,0.0030087784407787266
tynk,tynk_patch_0384_0512.png,4.181499913781076,6.534172721403368,7.519936025708942,0.6843646539419364,0.2653685741454509,0.0371904502635199,31.08024717221314,72.49010664682524,94.81824476813726,0.06005179322362761,0.05104897742716484,0.04912735934750467,0.23287587361791348,0.15620956806561687,0.13756846952791746,0.003626215266516272,0.002608371781450969,0.0024140670740128694
tynk,tynk_patch_0384_0640.png,4.235280419779588,6.6200874472474105,7.548934156176228,0.6712254129097844,0.23854736162312623,0.02951588913368116,32.008635818052895,74.06074831900342,94.3702996315131,0.058722926119254795,0.049638354527937224,0.04797782493013852,0.23226079460819718,0.15359931366115706,0.1351926670944607,0.0034683758285578327,0.0024662515665496995,0.0023026074772689205
tynk,tynk_patch_0384_0768.png,4.433838602052204,7.056769404289485,8.095047390664783,0.700344379395454,0.28277634694245196,0.07641826624639389,34.61352707080413,83.07052130180769,107.10175982340763,0.05448295787648284,0.045742539533138844,0.04394583795603857,0.2215972726901374,0.14442596144849124,0.12486497168334457,0.0029881810191033013,0.0020946272202112537,0.0019318774136308843
tynk,tynk_patch_0384_0896.png,4.54148038374202,7.444813771573431,8.852607808441823,0.7330509970509179,0.32625773985674206,0.0701823577757644,35.99398635125398,90.9264811389831,125.93707845295792,0.05082473983269741,0.04176407995969052,0.03967809831988709,0.216116489304646,0.1357966888834417,0.11352260669970846,0.002597158740829783,0.0017463546763128728,0.0015747563190157284
tynk,tynk_patch_0512_0000.png,3.709604012958028,6.0327629716238285,7.087487485115642,0.7364588329508125,0.3376445699274013,0.10060583374960981,24.66093294686592,61.87710746173465,83.55766812112952,0.06452450535302381,0.05336659085038399,0.050900582784241394,0.2583616736208546,0.1676926558485234,0.14355232784995983,0.004191937991861702,0.002850342331675156,0.002591453531766783
tynk,tynk_patch_0512_0128.png,3.5998019144475792,5.839993236646505,6.712355512074564,0.7041049243982362,0.2589289748500523,0.0280288023247191,23.240011077678417,58.18346858465601,76.20020949790828,0.06860783547168925,0.05749370365804753,0.05537432598629331,0.26474378473563354,0.17285459117250834,0.15308355937842347,0.004738604880658351,0.0033087414573241486,0.003066950707277156
tynk,tynk_patch_0512_0256.png,3.6712123736747495,5.876907277494325,6.774526777424215,0.7068421455227906,0.2820843896513259,0.05588220633963063,23.99810342589437,58.830932945168755,77.05315218773528,0.06698791983750797,0.05624239247394782,0.05419142299865244,0.2591915386318042,0.17188381537653966,0.14940618278974305,0.004515107121487788,0.003165977294783767,0.0029375123696436874
tynk,tynk_patch_0512_0384.png,3.8897399240110997,6.188817834309639,7.150348572741386,0.7001306146048243,0.2807118355521784,0.056920019946800335,26.98809270665418,64.66678229324123,84.62669355764018,0.06259621140073945,0.05223622108020631,0.050106252252959636,0.24890748102199411,0.16340175081319988,0.14171303348431075,0.00394519237581226,0.002731654502672182,0.0025115673918863182
tynk,tynk_patch_0512_0512.png,4.134749761687024,6.4031794611362995,7.215834861424826,0.6609248800346403,0.22387042135798668,0.02509965067811214,30.500130297135613,69.61433608119168,87.57123388233576,0.061530370496886214,0.052456545104826904,0.05087478383808566,0.23493771068229655,0.15829622676331678,0.14390876809385716,0.0038074499858774266,0.0027537650475710418,0.002588709938811377
tynk,tynk_patch_0512_0640.png,4.144661910417573,6.744032871945063,8.080383330213687,0.748800089466741,0.36044443688615924,0.09987987802169387,30.452551619947013,77.50102866748529,109.286149773853,0.05732179381805642,0.047659166792295836,0.045168353995649245,0.23463835347039202,0.15415276044611714,0.12933527314896784,0.003308086638623426,0.0022741655849151353,0.0020412866734192984
tynk,tynk_patch_0512_0768.png,4.260430067735135,6.945359626952626,8.275581041592622,0.723057510346793,0.3062648584634289,0.04417727381039374,32.41872364994731,80.98870497527709,111.60403852707316,0.05569568839878814,0.045873054116018386,0.043623961083460186,0.23227368234617163,0.1476145514249022,0.12227264184480462,0.003121846039358308,0.002107236142869984,0.001903698367862919
tynk,tynk_patch_0512_0896.png,4.452825292369334,7.31694986929956,8.783941625450481,0.7413508538131983,0.34216210240628026,0.0764708028340524,34.91405317576262,89.09279336734672,125.72325679590934,0.05294212778879594,0.04386342685596528,0.04137520024321835,0.22028019331694287,0.14090069619839735,0.11911829064216073,0.0028179546720354153,0.0019264438359977174,0.001712799785919939
